name,id,count
funny,539,55277
pics,694,24712
gifs,557,12538
WTF,379,12193
aww,407,5920
GifSound,153,5608
atheism,402,3366
gaming,545,3009
AdviceAnimals,13,999
reactiongifs,723,963
reddit.com,724,828
gif,556,685
trees,815,528
fffffffuuuuuuuuuuuu,528,473
woahdude,852,176
photoshopbattles,691,144
4chan,4,122
space,771,109
pokemon,700,106
HIFW,165,106
movies,648,95
wallpapers,839,88
geek,550,85
offbeat,679,82
mildlyinteresting,635,79
PerfectTiming,280,75
breakingbad,438,70
firstworldanarchists,529,69
KarmaConspiracy,191,68
LeagueOfMemes,200,65
creepy,477,52
TheStopGirl,356,49
wallpaper,837,46
EarthPorn,106,43
batman,413,40
HistoryPorn,171,35
pooplikethis,705,34
cats,451,33
Music,248,30
upvotegifs,828,30
Images,183,29
LadyBoners,195,29
facepalm,523,26
vertical,831,26
arresteddevelopment,400,26
awwwtf,408,25
NigelThornberry,254,24
wheredidthesodago,847,23
comics,471,23
onetruegod,682,23
doctorwho,501,23
Punny,299,22
gameofthrones,544,22
spaceporn,772,22
thewalkingdead,806,22
toosoon,809,22
Minecraft,236,22
bicycling,419,21
adventuretime,389,21
harrypotter,574,21
sandy,741,21
SpideyMeme,330,21
futurama,541,21
HIMYM,166,20
nostalgia,672,20
hcfactions,575,20
politics,703,19
lol,615,19
tall,792,19
MilitaryPorn,235,19
mylittlepony,655,18
canada,444,18
zombies,866,18
OldSchoolCool,264,18
LifeProTips,204,18
musicgifstation,651,17
see,749,17
Frisson,136,17
TwoXChromosomes,370,17
sports,775,17
todayilearned,808,17
conspiracy,473,17
gaymers,549,17
FreeKarma,135,16
illusionporn,588,16
TheLastAirbender,353,16
RoomPorn,309,16
motorcycles,646,16
AnimalPorn,24,16
gentlemanboners,551,16
Cinemagraphs,71,16
leagueoflegends,607,16
EmmaWatson,108,15
StarWars,334,15
MURICA,212,15
diablo3,498,14
lolcats,616,14
proper,711,14
tf2,803,14
zelda,864,14
FifthWorldPics,123,14
skyrim,762,13
childfree,456,13
cringe,480,13
TrollXChromosomes,365,13
drunk,507,13
unitedkingdom,825,13
southpark,770,13
Braveryjerk,59,13
iphone,596,13
TheSimpsons,355,13
Iam14andthisisfunny,181,12
hockey,579,12
Steam,337,12
standupshots,777,12
misc,640,12
Naruto,253,12
lgbt,610,12
depression,496,12
QuotesPorn,301,12
Pareidolia,274,11
SquaredCircle,331,11
nfl,665,11
Celebs,67,11
chemicalreactiongifs,453,11
AbandonedPorn,10,11
MensRights,222,11
RedditThroughHistory,308,11
GetMotivated,151,11
lotr,621,11
shittyreactiongifs,756,11
ForeverAlone,133,10
science,744,10
australia,404,10
baseball,412,10
DestructionPorn,96,10
furry,540,10
community,472,10
katyperry,601,10
classic4chan,462,10
NoFap,255,9
fitnesscirclejerk,531,9
startrek,780,9
gaybros,547,9
teenagers,799,9
PandR,271,9
homestuck,580,9
MetalMemes,225,9
MapPorn,218,9
Eve,112,9
CoffeeWithJesus,75,9
JusticePorn,189,9
apple,397,9
alternativeart,391,9
SkyPorn,325,9
eCards,509,8
FoodPorn,132,8
workaholics,854,8
history,578,8
AdPorn,11,8
ifiwonthelottery,586,8
mfw,632,8
Libertarian,203,8
Offensive_Wallpapers,261,8
creepy_gif,478,8
Rainmeter,304,8
roosterteeth,734,7
nba,660,7
ExpectationVsReality,113,7
howtonotgiveafuck,583,7
Slender_Man,326,7
Futurology,140,7
DunderMifflin,104,7
AdrenalinePorn,12,7
awesome,406,7
seinfeld,750,7
starcraft,778,7
guns,565,7
halo,567,7
CFB,63,7
TopGear,360,7
mildlyinfuriating,634,7
magicTCG,622,6
ireland,597,6
itookapicture,599,6
cringepics,481,6
skateboarding,759,6
minerapocalypse,638,6
ggggg,555,6
PrettyGirls,292,6
chicago,454,6
brokengifs,440,6
shazbot,752,6
scifi,745,6
newzealand,664,6
rage,716,6
hiphopheads,577,6
evedreddit,515,6
introvert,594,6
Buddhism,60,6
DotA2,101,6
sloths,764,6
vancouver,829,6
Dexter,98,6
tardcat,793,6
LaughYouUpvote,198,6
AnimalsWithoutNecks,26,6
wow,858,6
spongebob,774,6
ExposurePorn,114,6
techsupportgore,798,5
circlejerk,460,5
comicbooks,470,5
Bacon,45,5
PropagandaPosters,297,5
Bad_Cop_No_Donut,46,5
cripplingalcoholism,482,5
catpictures,450,5
RedditLaqueristas,307,5
Rabbits,303,5
dogpictures,502,5
Art,36,5
worldpolitics,857,5
MachinePorn,213,5
POLITIC,268,5
youtubecomments,863,5
islam,598,5
MLPLounge,209,5
battlefield3,414,5
nyc,676,5
nhl,666,5
waterporn,841,5
MakeupAddiction,216,5
Awww,42,5
forwardsfromgrandma,534,5
nature,658,5
cakeday,442,5
longboarding,618,4
familyguy,526,4
whalebait,845,4
Owls,267,4
rit,732,4
PhotoEdited,282,4
PoliticalHumor,287,4
formula1,533,4
CityPorn,72,4
magicskyfairy,623,4
Borderlands,55,4
Scrubs,316,4
technology,797,4
cosplay,475,4
corgi,474,4
OkCupid,263,4
TalesFromRetail,345,4
mw3,653,4
calvinandhobbes,443,4
natureporn,659,4
Fallout,117,4
occupywallstreet,678,4
ainbow,390,4
Drugs,103,4
Astronomy,39,4
disney,500,4
grumpycats,564,4
MMA,210,4
HumanPorn,174,4
happy,568,4
AnythingGoesPics,29,4
IASIP,178,4
humor,585,4
lifehacks,611,4
KerbalSpaceProgram,192,4
soccer,766,4
keto,602,4
NobodyCaresApostolate,256,4
NotaMethAddict,258,4
battlestations,415,3
FirePorn,128,3
TheFacebookDelusion,350,3
ThanksObama,347,3
shittyaskscience,753,3
happygirls,569,3
civ,461,3
antibaw,396,3
LearnUselessTalents,201,3
Anarchism,21,3
Firearms,129,3
Cyberpunk,83,3
videos,833,3
Anarcho_Capitalism,22,3
steampunk,781,3
terriblefacebookmemes,800,3
cosplaygirls,476,3
Chargers,68,3
Military,234,3
mlb,641,3
CampingandHiking,65,3
anime,394,3
cars,448,3
YouShouldKnow,386,3
bisexual,425,3
WorldofTanks,385,3
EmmaStone,107,3
analogygifs,392,3
Design,93,3
trailerparkboys,811,3
biology,422,3
birdpics,423,3
birdswitharms,424,3
bitchimabus,426,3
worldnews,856,3
toronto,810,3
AdviceAtheists,14,3
philosophy,688,3
books,435,3
shittybattlestations,754,3
DIY,85,3
FearMe,121,3
mylittleandysonic1,654,3
popping,706,3
whoselineisitanyway,849,3
nope,670,3
tattoos,794,3
Portland,289,3
Pizza,284,3
Sherlock,319,3
randomsexinessgifs,720,3
sandiego,740,3
ems,511,3
sanfrancisco,742,3
fantasyfootball,527,3
synchronizedswimWTF,790,3
memes,630,3
Anticonsumption,27,3
firstworldproblems,530,3
HalfLife,167,3
london,617,3
Parenting,275,3
gamegrumps,543,3
dayz,490,3
Graffiti,161,3
minimalism,639,3
Seattle,317,3
GrandTheftAutoV,162,3
Borderlands2,56,3
BotanicalPorn,58,3
runescape,736,3
Demotivational,90,2
beards,416,2
explainedbygif,519,2
eyes,521,2
horror,582,2
facebookwins,522,2
india,590,2
ArchitecturePorn,33,2
bindingofisaac,421,2
bigbangtheory,420,2
im14andthisisfunny,589,2
: funny,7,2
xbox360,861,2
DenverBroncos,92,2
lost,619,2
ArianaGrande,34,2
beatles,417,2
babiesbeingmauled,409,2
futureporn,542,2
linguistics,612,2
ArcherFX,32,2
vinyl,834,2
blackpeoplegifs,429,2
cincinnati,459,2
CallOfDuty,64,2
google,561,2
CaptchaArt,66,2
gratefuldead,563,2
mindcrack,637,2
dataisbeautiful,487,2
led_zeppelin,608,2
dbz,491,2
halloween,566,2
lego,609,2
motorcitykitties,645,2
detroitlions,497,2
Conservative,77,2
germany,554,2
CrappyDesign,79,2
boardgames,432,2
CyanideandHappiness,82,2
charactercrossovers,452,2
aviation,405,2
dwarffortress,508,2
hardbodies,570,2
malefashionadvice,624,2
gentlemanimals,552,2
web_design,843,2
evolution,516,2
Dallas,88,2
AlbumArtPorn,17,2
Barca,47,2
exmormon,518,2
uCinci,822,2
Alex,18,2
LawSchool,199,2
psychology,713,2
SubredditDrama,340,2
HorseMask,173,2
Stargate,336,2
MonsterHunter,243,2
scaredshitless,743,2
Modern_Family,241,2
StonerProTips,339,2
ModerationLog,239,2
Hungergames,175,2
screenshots,746,2
MoviePosterPorn,246,2
Supernatural,342,2
Portal,288,2
Terraria,346,2
MilaKunis,232,2
That70sshow,348,2
seduction,748,2
Im14andthisisWTF,182,2
pickle,693,2
Standup,333,2
Frat,134,2
sex,751,2
SFGiants,310,2
sweden,788,2
subaru,784,2
PenmanshipPorn,279,2
regularshow,727,2
steelers,782,2
PS3,269,2
Otters,265,2
ronpaul,733,2
SNSD,311,2
Moviesinthemaking,247,2
SRSAnime,312,2
progressive,710,2
rpg,735,2
stalker,776,2
Sexy,318,2
ShittyLifeProTips,320,2
SiriAmA,323,2
Gaben,142,2
ImaginaryMonsters,184,2
pittsburgh,697,2
philadelphia,687,2
VolleyballGirls,377,2
Justrolledintotheshop,190,2
shutupandtakemymoney,758,2
pantheism,685,2
MadeMeSmile,215,2
UpliftingNews,375,2
olympics,681,2
oliviawilde,680,2
LV426,194,2
Winnipeg,382,2
obama,677,2
nottheonion,675,2
actuallesbians,388,2
travel,813,2
MacroPorn,214,2
TrueBlood,367,2
LongDistance,207,2
TrollingAnimals,366,2
Jazz,187,2
TimAndEric,357,2
Fantasy,120,2
Torchlight,361,2
thingstomakeyoudrool,807,2
Metal,224,2
TreesSuckingAtThings,363,2
lostgeneration,620,1
survivor,786,1
surfing,785,1
linux_gaming,613,1
lockpicking,614,1
whatsthisbug,846,1
redpandas,725,1
xkcd,862,1
rightinthechildhood,731,1
zoidberg,865,1
skylanders,761,1
skyrimmods,763,1
residentevil,730,1
snowboarding,765,1
repostbuster,729,1
sto,783,1
whitesox,848,1
redwall,726,1
webdev,844,1
repost,728,1
somethingimade,769,1
running,737,1
skeptic,760,1
starlets,779,1
knitting,605,1
knifeparty,604,1
keyboards,603,1
secretsanta,747,1
knots,606,1
spiders,773,1
worldbuilding,855,1
shittyfoodporn,755,1
soccergaming,767,1
shslowbrass,757,1
wordplay,853,1
wrongnumber,859,1
wikipedia,851,1
wtfart,860,1
saiga,739,1
sadcomics,738,1
socialism,768,1
japan,600,1
wicked_edge,850,1
rct,722,1
nongolfers,669,1
ravens,721,1
musicpics,652,1
ucf,823,1
nasa,656,1
photoshop,690,1
ukpolitics,824,1
thesims,805,1
piano,692,1
tf2memes,804,1
texas,802,1
vegetarian,830,1
picsource,695,1
uofm,826,1
upvote,827,1
mspaintbattles,650,1
mspaint,649,1
pinkfloyd,696,1
pocketsand,698,1
natalieportman,657,1
photoshawwp,689,1
neckbeardrights,661,1
newjersey,662,1
trippy,816,1
northernireland,671,1
trypophobia,818,1
twincitiessocial,819,1
notfunny,673,1
noisygifs,668,1
nihilism,667,1
twinpeaks,820,1
notinteresting,674,1
trance,812,1
orioles,683,1
owlsarefuckingscary,684,1
txstate,821,1
pcmasterrace,686,1
news,663,1
movember,647,1
moosedongs,644,1
sushi,787,1
martialarts,626,1
truestchristian,817,1
pug,714,1
wallpaperdump,838,1
swoleacceptance,789,1
mathematics,629,1
math,628,1
masseffect,627,1
washu,840,1
montreal,643,1
radiohead,715,1
ipad,595,1
malehairadvice,625,1
ragecomics,717,1
ragefaces,718,1
weareallfriendshere,842,1
ragetoons,719,1
t:42000,791,1
ps3bf3,712,1
tea,795,1
metareddit,631,1
momonga,642,1
poi,699,1
vexillology,832,1
test,801,1
pokemonwtf,701,1
polandball,702,1
polyamory,704,1
teaching,796,1
postrock,707,1
violentacrez,835,1
preteen_bitches,708,1
programming,709,1
mildyinteresting,636,1
microsoft,633,1
vmware,836,1
treecomics,814,1
2006Scape,0,1
intj,593,1
GoliathWorld,158,1
InfrastructurePorn,186,1
InfectedBacon,185,1
INTP,180,1
IDAP,179,1
"I'm a carpenter's hand, and have to help the electricians from time to time.",177,1
Hunting,176,1
Historybeingmade,172,1
HeroesofNewerth,170,1
Heavymind,169,1
Hammocks,168,1
Gunners,164,1
GunPorn,163,1
GotEm_Coach,160,1
GoodValue,159,1
GlobalOffensive,157,1
KingOfTheHill,193,1
GirlsWatchingSports,156,1
GirlGamers,155,1
Gifclips,154,1
GetOutOfBed,152,1
Gengar,150,1
GeekPorn,149,1
GangnamStyle,148,1
Gandalf,147,1
Gamingcirclejerk,146,1
Games_From_9GAG,145,1
Games,144,1
GamePhysics,143,1
GTS,141,1
FunnyAnimals,139,1
Jeep,188,1
LadyGaga,196,1
Frugal,137,1
MichiganWolverines,231,1
OSU,260,1
OFWGKTA,259,1
Norway,257,1
NCSU,252,1
NASCAR,251,1
NAE,250,1
MvC3,249,1
Morrowind,245,1
Monstercat,244,1
Money,242,1
Modern technology at its pinnacle,240,1
MinecraftInspiration,238,1
MinecraftCirclejerk,237,1
MildlyHaunting,233,1
Michigan,230,1
Laina,197,1
MichelleJenneke,229,1
Miami,228,1
Metallica,227,1
Metalcore,226,1
MercWithAMouth,223,1
MemesIRL,221,1
MechanicalKeyboards,220,1
Marvel,219,1
Male vs Females,217,1
MTB,211,1
Love it !,208,1
"London, Paris, NYC and Helsinki",206,1
LiverpoolFC,205,1
Level Thin Mints,202,1
Fun,138,1
FixedGearBicycle,131,1
Over 9000,266,1
ArmedBirds,35,1
Boss,57,1
Bling Bling,54,1
Blind !?,53,1
Black Cops,52,1
Bioshock,51,1
BestofF7U12,50,1
BenFoldsFive,49,1
BeardPorn,48,1
BabyBumps,44,1
BSG,43,1
Avengers,41,1
Atlanta,40,1
AskEngineers,38,1
AsianGIFS,37,1
Aquariums,31,1
C25K,62,1
Apple,30,1
AnythingGoesNews,28,1
Animals,25,1
Android,23,1
AlisonBrie,20,1
AlienBlue,19,1
AinsleyHarriott,16,1
AgriculturePorn,15,1
A_Monocle_For_Sauron,9,1
AMA,8,1
9gag,6,1
911truth,5,1
311,3,1
30ROCK,2,1
BuyItForLife,61,1
Choose Wisely,69,1
Fitness,130,1
DoctorWhumour,100,1
FineLadies,127,1
FinalFantasy,126,1
Filmmakers,125,1
FilmFaces,124,1
Feminism,122,1
FancyFollicles,119,1
FanTheories,118,1
FWEPP,116,1
EyeCandy,115,1
Entrepreneur,111,1
EnterShikari,110,1
Engineer,109,1
EDC,105,1
DrugStashes,102,1
Disneyland,99,1
Chuck Norris Edition,70,1
DetroitRedWings,97,1
Destiny,95,1
DesignPorn,94,1
Denver,91,1
DeepSpaceNine,89,1
Dachshund,87,1
DOTA,86,1
D,84,1
CurrencyFaces,81,1
CreepShots,80,1
Cow,78,1
College,76,1
Coffee,74,1
ClassicBabes,73,1
Ohio,262,1
Paleo,270,1
interesting,592,1
clonehigh,465,1
deaf,494,1
deadpool,493,1
de,492,1
datfeel,489,1
datass,488,1
darksouls,486,1
daddit,485,1
cutest thing to come out of a Pokeball. (x-post from r/funny),484,1
cute,483,1
creepypasta,479,1
colbertreport,469,1
codbo,468,1
cocktails,467,1
cocaine,466,1
climbing,464,1
dirndls,499,1
classicrage,463,1
cigars,458,1
chuck,457,1
chicagobulls,455,1
catlovers,449,1
captchacomics,447,1
canucks,446,1
canberra,445,1
cableporn,441,1
brisbane,439,1
box head,437,1
boston,436,1
bookporn,434,1
2XLite,1,1
deathnote,495,1
dogs,503,1
bleach,430,1
gay,546,1
initiald,591,1
iforgottologout,587,1
hug life,584,1
hookah,581,1
highschool,576,1
hardware,573,1
hardstyle,572,1
hardshipmates,571,1
graphic_design,562,1
gonzo,560,1
golf,559,1
glasgow,558,1
geology,553,1
gaygeek,548,1
fucksimon,538,1
downtimebananas,504,1
freebies,537,1
france,536,1
foxes,535,1
forever_a_steve,532,1
fallingpics,525,1
faceswap,524,1
explainlikeimjive,520,1
evolutionReddit,517,1
europe,514,1
entertainment,513,1
engineering,512,1
elianscript,510,1
drums,506,1
drawing,505,1
bleachshirts,431,1
blackgirls,428,1
PandaBoners,272,1
Quebec,300,1
StarcraftCirclejerk,335,1
StandUpComedy,332,1
Sonsofanarchy,329,1
Somethingstoopid,328,1
Smite,327,1
Ska,324,1
Shitty_Watercolour,322,1
ShittyPhotoshop,321,1
Scotch,315,1
SRSWomen,314,1
SRSFunny,313,1
RedditDayOf,306,1
RapeSquadKillas,305,1
RUGC_India,302,1
Psychonaut,298,1
SuicideWatch,341,1
ProgrammerHumor,296,1
ProWrestlingGIFs,295,1
Priceless,294,1
PrettyGirlsUglyFaces,293,1
PowerMetal,291,1
PostCollapse,290,1
Pokeents,286,1
PocketWhales,285,1
Pictures,283,1
Pets,281,1
Patriots,278,1
PatrickStar,277,1
ParksandRecreation,276,1
Paranormal,273,1
StencilTemplates,338,1
Swan suit,343,1
bjj,427,1
WIFF,378,1
beermoney,418,1
banana,411,1
babiesinsuits,410,1
atheist,403,1
asoiaf,401,1
arma,399,1
architecture,398,1
anonymous,395,1
animation,393,1
aaaaaatheismmmmmmmmmm,387,1
Workproblems,384,1
Wolverine - Gangnam Style,383,1
Watches,381,1
WWE,380,1
VillagePorn,376,1
Swan suit.,344,1
Unnecessary,374,1
UWMadison,373,1
UNITINU,372,1
UIUC,371,1
TrueTrueTF2,369,1
TrueReddit,368,1
TreesSuckingOnThings,364,1
TreeForts,362,1
Toilet,359,1
ToasterRights,358,1
TheRealZachAnner,354,1
TheInterweb,352,1
TheHobbit,351,1
The Bird = 9Gag,349,1
bodyweightfitness,433,1
